Unique_idx,price
15544,0
17454,0
21548,0
3427,0
8809,0
3294,0
275,0
8736,0
6161,0
19832,0
17232,0
1305,0
12702,0
12717,0
17327,0
8196,0
13,0
13412,0
16484,0
14761,0
1675,0
17478,0
19226,0
8083,0
17237,0
18122,0
19836,0
10046,0
13341,0
8040,0
18568,0
19398,0
13790,0
19649,0
16718,0
19,0
11249,0
4122,0
9632,0
5768,0
1903,0
19629,0
17331,0
12448,0
5014,0
9598,0
6604,0
12280,0
19245,0
20627,0
13888,0
16804,0
16254,0
16196,0
5816,0
12096,0
17180,0
11768,0
1428,0
3401,0
2741,0
17958,0
4988,0
3286,0
19771,0
6775,0
21026,0
9384,0
19776,0
9551,0
20399,0
8520,0
14833,0
17846,0
21321,0
15430,0
8353,0
6227,0
17876,0
9390,0
20086,0
219,0
20944,0
13620,0
13354,0
9692,0
17429,0
20640,0
13415,0
3423,0
12103,0
18668,0
17598,0
20321,0
15573,0
2011,0
1405,0
13825,0
8420,0
6240,0
15842,0
8347,0
7182,0
6197,0
20773,0
17016,0
12804,0
2684,0
19631,0
17599,0
5879,0
10654,0
1901,0
19138,0
20392,0
16406,0
18137,0
5914,0
14575,0
11871,0
13285,0
13490,0
21165,0
15718,0
352,0
15278,0
16543,0
6454,0
18327,0
16864,0
5789,0
18346,0
694,0
1955,0
8249,0
7019,0
16466,0
7962,0
938,0
14560,0
18703,0
14676,0
14925,0
17633,0
21399,0
14098,0
16636,0
13646,0
4102,0
9465,0
2525,0
7275,0
12445,0
14599,0
6247,0
484,0
8705,0
21233,0
11675,0
5531,0
7355,0
4163,0
4933,0
5061,0
9941,0
16990,0
3309,0
6086,0
9802,0
290,0
12353,0
14264,0
11680,0
15151,0
596,0
6714,0
16869,0
9958,0
7529,0
20906,0
20809,0
7540,0
6859,0
8130,0
7921,0
554,0
11271,0
9944,0
18972,0
12338,0
2575,0
16502,0
1637,0
516,0
10686,0
8928,0
4771,0
17969,0
20358,0
8011,0
17087,0
8505,0
19669,0
14415,0
19184,0
12254,0
3672,0
6203,0
6817,0
14871,0
1090,0
16329,0
3964,0
18495,0
20995,0
6228,0
20396,0
11869,0
4088,0
18853,0
7463,0
19502,0
20509,0
19323,0
16015,0
4193,0
565,0
17611,0
8599,0
559,0
3402,0
9425,0
1295,0
16181,0
21286,0
6551,0
5697,0
20691,0
19185,0
1225,0
15675,0
9063,0
7787,0
8077,0
7296,0
19066,0
14084,0
20647,0
4030,0
4829,0
2609,0
7509,0
12928,0
2862,0
8838,0
10776,0
13382,0
21003,0
5155,0
15376,0
6100,0
9071,0
15919,0
6423,0
8146,0
20427,0
19149,0
11668,0
4674,0
1174,0
18734,0
3925,0
10683,0
18924,0
6640,0
5734,0
17536,0
5042,0
2220,0
4204,0
13122,0
10283,0
2349,0
3137,0
14544,0
18246,0
2675,0
811,0
17181,0
15971,0
16705,0
1480,0
397,0
8155,0
3656,0
9355,0
10057,0
13373,0
3370,0
300,0
10676,0
20789,0
16779,0
4322,0
8996,0
3625,0
20467,0
14503,0
7244,0
2447,0
8207,0
17892,0
3851,0
33,0
8339,0
989,0
20915,0
20674,0
8521,0
6215,0
13299,0
13760,0
5815,0
7666,0
9157,0
14315,0
12364,0
13651,0
6364,0
17207,0
153,0
4646,0
7939,0
18903,0
506,0
8027,0
16036,0
17419,0
19593,0
17131,0
10729,0
8486,0
18638,0
14113,0
438,0
11944,0
510,0
18397,0
7693,0
7673,0
15898,0
18688,0
2979,0
11826,0
15496,0
7832,0
12440,0
21225,0
2952,0
1247,0
17371,0
813,0
3971,0
9488,0
9489,0
13873,0
7227,0
13892,0
8419,0
9971,0
19378,0
13573,0
16316,0
16638,0
14096,0
18447,0
13138,0
11290,0
11060,0
13503,0
16126,0
19452,0
9873,0
14440,0
10332,0
16607,0
1398,0
1289,0
9736,0
10457,0
18984,0
10814,0
8744,0
4982,0
16321,0
1596,0
4714,0
8645,0
2401,0
20199,0
15190,0
21432,0
11471,0
10144,0
13949,0
1638,0
12004,0
13725,0
1300,0
13746,0
5717,0
11425,0
6958,0
20628,0
20956,0
14952,0
20612,0
10517,0
8468,0
10525,0
18317,0
19234,0
227,0
15212,0
18600,0
8214,0
1850,0
6039,0
10255,0
10156,0
9173,0
13269,0
16889,0
6396,0
12677,0
7651,0
3315,0
15016,0
21231,0
8665,0
4115,0
21222,0
5232,0
7322,0
10030,0
6113,0
9053,0
11447,0
3142,0
4839,0
19607,0
7603,0
13073,0
9017,0
10329,0
15045,0
20227,0
14238,0
20750,0
5018,0
4137,0
6804,0
19701,0
2372,0
5692,0
246,0
10897,0
10860,0
16286,0
21189,0
11408,0
6610,0
8715,0
21124,0
10161,0
21030,0
4799,0
8864,0
20336,0
3471,0
12812,0
6603,0
10893,0
4258,0
18525,0
20407,0
19304,0
20638,0
1475,0
4043,0
15904,0
4203,0
15286,0
110,0
10359,0
16872,0
3661,0
12518,0
16417,0
9454,0
3058,0
14715,0
18581,0
2124,0
551,0
415,0
21337,0
11594,0
7494,0
9479,0
15389,0
19289,0
1892,0
12301,0
3198,0
15135,0
14480,0
9973,0
11480,0
7364,0
8887,0
11986,0
10728,0
18446,0
21486,0
2366,0
15155,0
12793,0
1998,0
2713,0
2463,0
21149,0
9660,0
4423,0
8507,0
608,0
19597,0
4330,0
20135,0
918,0
837,0
13689,0
3891,0
1910,0
12511,0
2403,0
15416,0
183,0
9681,0
20497,0
21498,0
6366,0
3764,0
14010,0
891,0
5844,0
10159,0
2293,0
9880,0
9426,0
5809,0
1603,0
15557,0
7012,0
6811,0
8852,0
10853,0
14953,0
8732,0
221,0
15497,0
19298,0
10888,0
3136,0
10557,0
1916,0
44,0
5846,0
16420,0
14912,0
2072,0
2794,0
20401,0
14949,0
6528,0
6068,0
5240,0
18238,0
2360,0
17094,0
20779,0
18093,0
3774,0
2682,0
13901,0
15976,0
14873,0
6135,0
9503,0
14862,0
8620,0
4120,0
19122,0
8221,0
625,0
16790,0
1522,0
2811,0
14314,0
16372,0
16401,0
1953,0
16708,0
16937,0
5496,0
3419,0
15745,0
1181,0
7878,0
20438,0
3231,0
2798,0
12580,0
16184,0
16419,0
18759,0
6269,0
16475,0
10206,0
20517,0
5398,0
13691,0
19419,0
10040,0
20796,0
11091,0
3607,0
7083,0
19333,0
14616,0
14562,0
11640,0
1350,0
6502,0
17885,0
10351,0
20070,0
1808,0
5198,0
12026,0
13987,0
12714,0
19260,0
1988,0
5645,0
1828,0
7839,0
19511,0
17657,0
1385,0
2230,0
5190,0
4173,0
2590,0
13508,0
21040,0
11904,0
14151,0
3869,0
2820,0
13117,0
6327,0
11360,0
20919,0
11355,0
1883,0
7569,0
10468,0
741,0
21077,0
15361,0
5962,0
3484,0
6770,0
19255,0
18742,0
9264,0
4368,0
749,0
9793,0
9417,0
6828,0
10446,0
391,0
12461,0
2999,0
3106,0
5388,0
12782,0
16653,0
8932,0
8708,0
6619,0
4668,0
1070,0
8801,0
19568,0
11330,0
21592,0
17422,0
11419,0
15162,0
11457,0
168,0
231,0
13394,0
18716,0
72,0
11531,0
6691,0
20301,0
2802,0
3525,0
19925,0
12478,0
12354,0
18270,0
7739,0
2038,0
18066,0
12831,0
5632,0
10134,0
6632,0
1362,0
3833,0
3930,0
8691,0
1732,0
12716,0
11211,0
12370,0
19741,0
14126,0
8230,0
10939,0
6847,0
21037,0
21160,0
10264,0
2711,0
13094,0
19563,0
8893,0
20295,0
5623,0
12635,0
17264,0
2907,0
18756,0
10458,0
82,0
5952,0
4414,0
4909,0
17018,0
15617,0
5455,0
11726,0
15695,0
17762,0
9765,0
13917,0
21453,0
20707,0
20014,0
10840,0
14428,0
14518,0
4325,0
11684,0
19056,0
8005,0
4871,0
7932,0
15594,0
14917,0
8942,0
8421,0
8449,0
92,0
13697,0
324,0
20437,0
14651,0
20012,0
13828,0
10227,0
15103,0
13279,0
702,0
2085,0
13933,0
1841,0
12933,0
17283,0
20157,0
7533,0
875,0
4390,0
18861,0
17979,0
343,0
2404,0
7985,0
4904,0
16478,0
4722,0
4835,0
1026,0
4760,0
19738,0
8464,0
3719,0
9767,0
7080,0
14895,0
11910,0
7648,0
13265,0
12664,0
12404,0
2984,0
19256,0
20126,0
9916,0
11578,0
5601,0
19758,0
20038,0
21153,0
16672,0
1421,0
10949,0
21173,0
4883,0
12731,0
1141,0
10892,0
3008,0
12676,0
21283,0
2052,0
20055,0
9745,0
21109,0
18263,0
5002,0
19899,0
12787,0
16429,0
19982,0
17276,0
5637,0
3227,0
12175,0
18490,0
7437,0
921,0
12603,0
11350,0
10106,0
13149,0
1869,0
5435,0
10485,0
4836,0
21257,0
5761,0
7687,0
4271,0
11666,0
1925,0
12372,0
13863,0
12885,0
18788,0
859,0
8641,0
15864,0
16237,0
20831,0
12499,0
4719,0
5045,0
21118,0
16125,0
19287,0
12637,0
15018,0
16958,0
19504,0
16318,0
6700,0
3094,0
17354,0
3610,0
1312,0
2908,0
21371,0
6038,0
10536,0
14822,0
2779,0
15242,0
12726,0
2858,0
4424,0
832,0
16317,0
14321,0
6089,0
13958,0
17898,0
10350,0
17970,0
20458,0
8396,0
9923,0
15765,0
12528,0
15412,0
2377,0
8364,0
9655,0
8637,0
8834,0
17467,0
21484,0
14573,0
11978,0
2591,0
8793,0
1113,0
7542,0
2573,0
20598,0
5453,0
5680,0
8243,0
20381,0
16331,0
21606,0
10434,0
15197,0
1013,0
15895,0
2430,0
1301,0
8540,0
6907,0
7947,0
21060,0
18805,0
4124,0
8488,0
8985,0
10048,0
11218,0
6880,0
10598,0
19470,0
4360,0
4796,0
21028,0
2093,0
6487,0
5215,0
11174,0
20843,0
3195,0
20212,0
16537,0
16691,0
10611,0
17495,0
3498,0
19448,0
16613,0
6735,0
2131,0
7632,0
81,0
2752,0
10315,0
6027,0
9255,0
2364,0
11414,0
16077,0
10478,0
19322,0
419,0
2311,0
945,0
16213,0
10610,0
3085,0
9258,0
19635,0
10482,0
3403,0
21282,0
12643,0
6639,0
7212,0
5707,0
10385,0
10634,0
18535,0
20940,0
8952,0
19450,0
11002,0
10871,0
12610,0
10463,0
21314,0
7115,0
4744,0
10213,0
3095,0
1236,0
19481,0
11155,0
1662,0
20372,0
17677,0
9430,0
16130,0
10551,0
12230,0
4679,0
4921,0
9533,0
20096,0
7471,0
12750,0
12784,0
18139,0
3908,0
10244,0
3345,0
2032,0
5082,0
16542,0
6064,0
1436,0
7127,0
3247,0
5747,0
6612,0
8543,0
6482,0
11683,0
17725,0
4429,0
14069,0
17252,0
8440,0
7562,0
9086,0
8720,0
17807,0
18951,0
3505,0
866,0
12521,0
18930,0
11985,0
17108,0
9617,0
3577,0
4948,0
19530,0
10751,0
11268,0
18698,0
20158,0
19818,0
12981,0
717,0
470,0
8516,0
1468,0
15522,0
12756,0
3830,0
4502,0
14345,0
8002,0
3272,0
8369,0
13498,0
14456,0
10818,0
10726,0
14743,0
18737,0
4364,0
2521,0
3736,0
85,0
6772,0
2782,0
9400,0
3257,0
6023,0
13763,0
8959,0
8527,0
7778,0
213,0
16390,0
9814,0
12591,0
15673,0
7977,0
13792,0
5679,0
16671,0
16535,0
15333,0
3049,0
11029,0
21269,0
14173,0
9429,0
3119,0
8326,0
9929,0
18171,0
16976,0
13283,0
18789,0
20776,0
17202,0
12633,0
11394,0
13594,0
17740,0
9485,0
3561,0
14638,0
20581,0
13998,0
19262,0
12466,0
19238,0
15241,0
6440,0
14867,0
12221,0
618,0
17338,0
820,0
12474,0
18076,0
8405,0
2932,0
14139,0
6036,0
15643,0
13198,0
15744,0
12858,0
4576,0
5921,0
2371,0
12146,0
18651,0
19968,0
2578,0
8395,0
11916,0
2206,0
17973,0
11117,0
6755,0
442,0
18499,0
16870,0
14479,0
1201,0
2507,0
11293,0
20080,0
10454,0
6060,0
14626,0
14110,0
7150,0
11284,0
2055,0
18477,0
12824,0
7663,0
18574,0
21138,0
18249,0
8137,0
21009,0
7435,0
12605,0
8268,0
14171,0
10378,0
12540,0
2073,0
9093,0
11364,0
6405,0
10272,0
6004,0
2893,0
3069,0
4707,0
18046,0
2510,0
8500,0
8876,0
8093,0
20656,0
13538,0
10200,0
21157,0
10937,0
7350,0
13112,0
5508,0
19488,0
1772,0
18636,0
2939,0
21360,0
1073,0
9174,0
19493,0
17562,0
16648,0
15107,0
1455,0
20383,0
17718,0
8547,0
20116,0
18261,0
9332,0
19498,0
16047,0
9090,0
18673,0
8026,0
3153,0
18468,0
16786,0
18530,0
20523,0
420,0
12586,0
7065,0
1440,0
869,0
10618,0
13153,0
6201,0
11341,0
776,0
3917,0
15169,0
12316,0
6821,0
13557,0
1383,0
16980,0
7597,0
4856,0
14514,0
14753,0
4207,0
4182,0
8126,0
16743,0
15600,0
7827,0
2641,0
3987,0
16721,0
2028,0
11103,0
7812,0
18184,0
15029,0
10012,0
4158,0
11562,0
2797,0
17997,0
18301,0
7210,0
9527,0
8955,0
12082,0
20763,0
7377,0
21367,0
4610,0
4678,0
17555,0
5234,0
10633,0
5029,0
19243,0
12614,0
15844,0
35,0
5793,0
17474,0
13531,0
10754,0
2462,0
6469,0
14823,0
15679,0
4403,0
4289,0
1427,0
18689,0
2232,0
10414,0
8391,0
6596,0
15523,0
9241,0
19425,0
18799,0
2141,0
14641,0
1945,0
11234,0
12222,0
2539,0
5500,0
12224,0
19471,0
2483,0
3669,0
18421,0
2843,0
5036,0
16362,0
18098,0
16269,0
13032,0
17992,0
18025,0
4349,0
5739,0
8953,0
9532,0
88,0
5221,0
1633,0
21268,0
9233,0
8316,0
1296,0
6923,0
5700,0
13459,0
2868,0
14674,0
11441,0
3920,0
18295,0
11622,0
3455,0
1054,0
2985,0
7045,0
13865,0
12307,0
407,0
9907,0
6383,0
21073,0
3312,0
953,0
11983,0
14934,0
12395,0
17002,0
16165,0
18125,0
5299,0
4891,0
2996,0
6789,0
19553,0
16505,0
15301,0
13120,0
801,0
16574,0
17017,0
11221,0
19526,0
5282,0
18266,0
4806,0
2784,0
7380,0
14897,0
21488,0
10890,0
20583,0
4677,0
2039,0
14722,0
15949,0
7225,0
2918,0
12017,0
3145,0
1189,0
4380,0
9918,0
5480,0
10801,0
13756,0
5244,0
1798,0
11477,0
17528,0
3782,0
1359,0
13642,0
20332,0
20493,0
18237,0
16474,0
5853,0
19194,0
1084,0
5246,0
4370,0
10901,0
8454,0
10258,0
15796,0
14030,0
19623,0
18561,0
18334,0
19472,0
18630,0
4386,0
6437,0
482,0
597,0
4017,0
21057,0
1433,0
18065,0
17890,0
5028,0
13106,0
14055,0
3629,0
10215,0
15094,0
12046,0
1017,0
10408,0
6890,0
18980,0
18348,0
14164,0
2079,0
4915,0
1524,0
9444,0
2336,0
8723,0
14304,0
3475,0
6377,0
17013,0
2098,0
620,0
2806,0
11064,0
18695,0
15778,0
18371,0
15213,0
12268,0
20716,0
1520,0
3289,0
1114,0
2000,0
19710,0
7968,0
5539,0
8401,0
12897,0
629,0
21090,0
8578,0
6111,0
9296,0
2459,0
20549,0
20113,0
17242,0
20298,0
7422,0
3874,0
12886,0
18730,0
1530,0
941,0
10907,0
5919,0
9036,0
21406,0
21319,0
21584,0
17491,0
5595,0
11257,0
10065,0
18277,0
5126,0
15069,0
19316,0
14212,0
12412,0
4797,0
6055,0
1758,0
5618,0
455,0
21006,0
11936,0
884,0
15175,0
613,0
2560,0
5794,0
8755,0
19212,0
9750,0
4316,0
555,0
8277,0
21274,0
19745,0
9375,0
20244,0
15277,0
8129,0
7622,0
11697,0
1991,0
14134,0
1604,0
16236,0
21045,0
6529,0
2114,0
20652,0
20319,0
4084,0
20768,0
2786,0
12546,0
3323,0
4570,0
10121,0
4140,0
17096,0
4141,0
14787,0
8300,0
13775,0
14861,0
11166,0
6968,0
15457,0
11614,0
11919,0
9013,0
9778,0
12846,0
2277,0
3087,0
7218,0
16971,0
16699,0
14590,0
4077,0
15909,0
2958,0
12108,0
1621,0
15922,0
8375,0
15170,0
7487,0
1578,0
13286,0
6869,0
12764,0
20323,0
11288,0
17446,0
19340,0
12436,0
2717,0
17340,0
17299,0
9190,0
11148,0
13371,0
18108,0
7473,0
2182,0
5481,0
11450,0
11203,0
8076,0
15510,0
4593,0
13978,0
4,0
12995,0
17511,0
20806,0
3660,0
8487,0
11417,0
11499,0
9191,0
7815,0
2528,0
196,0
16365,0
13380,0
5265,0
10593,0
12178,0
5837,0
7146,0
3003,0
12983,0
20735,0
17132,0
12438,0
14600,0
11535,0
15196,0
13393,0
20477,0
4405,0
15636,0
19763,0
5558,0
2644,0
16268,0
15183,0
20787,0
5903,0
7772,0
7511,0
13429,0
6643,0
8145,0
10194,0
7272,0
1012,0
18215,0
13581,0
15702,0
8019,0
18089,0
21608,0
14879,0
1544,0
13680,0
5728,0
16075,0
3310,0
10543,0
20337,0
20067,0
9336,0
11,0
11501,0
7319,0
8157,0
14541,0
11313,0
12746,0
5774,0
13016,0
19567,0
14277,0
20063,0
18721,0
792,0
12403,0
7429,0
7501,0
7202,0
13533,0
644,0
4286,0
12889,0
21038,0
3780,0
21558,0
310,0
8259,0
20817,0
13249,0
21043,0
17805,0
5616,0
12819,0
5041,0
2247,0
13175,0
20962,0
9046,0
687,0
6801,0
4218,0
9520,0
6974,0
4567,0
6889,0
1792,0
17928,0
11843,0
12021,0
18172,0
18669,0
3914,0
370,0
14013,0
387,0
6020,0
3298,0
13559,0
14658,0
8571,0
17326,0
1863,0
7193,0
3019,0
4527,0
20236,0
5507,0
5281,0
2047,0
1915,0
18364,0
9738,0
1622,0
17529,0
13403,0
20233,0
5886,0
12140,0
10552,0
8988,0
16467,0
248,0
19233,0
2664,0
1332,0
9088,0
10407,0
10208,0
4615,0
12207,0
8363,0
10724,0
20462,0
8904,0
5607,0
6570,0
20064,0
15721,0
3267,0
4860,0
10186,0
16114,0
16370,0
4106,0
5206,0
2776,0
14394,0
8275,0
18466,0
16683,0
1960,0
15443,0
20037,0
5869,0
4211,0
19529,0
8498,0
600,0
13008,0
15258,0
6668,0
13002,0
7899,0
21264,0
12647,0
8564,0
10912,0
8976,0
18920,0
20954,0
15065,0
7842,0
10599,0
332,0
10925,0
10217,0
15635,0
3208,0
5115,0
13969,0
11864,0
5953,0
9226,0
1104,0
10766,0
20220,0
5119,0
1747,0
8973,0
10429,0
16545,0
13527,0
16132,0
20558,0
6839,0
19007,0
10204,0
5604,0
15825,0
17217,0
8291,0
2385,0
14262,0
20724,0
6463,0
10924,0
14283,0
7638,0
8162,0
16017,0
2951,0
9405,0
10064,0
9009,0
14869,0
1513,0
17768,0
1599,0
8842,0
12390,0
16828,0
3501,0
3847,0
19643,0
17300,0
7372,0
11175,0
18003,0
12030,0
19860,0
18489,0
14319,0
12297,0
15000,0
2012,0
4732,0
19162,0
14642,0
13750,0
1715,0
15049,0
201,0
20825,0
15182,0
12092,0
21253,0
21586,0
13609,0
10172,0
5606,0
12131,0
9410,0
5384,0
11945,0
4884,0
9633,0
14859,0
10865,0
10930,0
21602,0
2370,0
9528,0
11740,0
7160,0
21155,0
1282,0
10579,0
12993,0
15482,0
12747,0
20745,0
14524,0
9616,0
17007,0
134,0
9018,0
17687,0
3253,0
17627,0
5459,0
7040,0
15298,0
13257,0
5754,0
8623,0
8572,0
15359,0
18806,0
19624,0
19401,0
1463,0
18679,0
5120,0
199,0
19311,0
4127,0
8202,0
3991,0
6826,0
15863,0
4639,0
15043,0
9064,0
8343,0
10211,0
5694,0
21534,0
11351,0
8305,0
4633,0
5191,0
11730,0
3347,0
7818,0
7287,0
10678,0
18727,0
7659,0
17271,0
3875,0
8370,0
21223,0
10449,0
15592,0
10341,0
6202,0
755,0
6948,0
9625,0
1827,0
17306,0
19612,0
12200,0
13372,0
15131,0
4828,0
17572,0
3563,0
3148,0
15680,0
7008,0
10199,0
18255,0
8201,0
20022,0
2874,0
14355,0
14186,0
4620,0
17671,0
19852,0
4784,0
4954,0
69,0
5729,0
2621,0
11371,0
10861,0
21568,0
15537,0
444,0
20655,0
8573,0
2078,0
10775,0
13852,0
15407,0
7767,0
9081,0
4015,0
8640,0
170,0
18313,0
7841,0
13118,0
11598,0
542,0
7374,0
7819,0
1297,0
18481,0
16255,0
2123,0
4438,0
16785,0
11840,0
427,0
14878,0
17378,0
9359,0
17427,0
10278,0
13600,0
18895,0
17284,0
6562,0
490,0
15576,0
1976,0
12242,0
1866,0
3969,0
7,0
339,0
18068,0
12834,0
11518,0
5522,0
6095,0
10931,0
20429,0
19941,0
16860,0
11181,0
942,0
18370,0
4468,0
5631,0
3380,0
9445,0
16523,0
12942,0
736,0
10439,0
10854,0
20034,0
7189,0
16932,0
12773,0
3640,0
1148,0
3697,0
1253,0
16897,0
5792,0
17387,0
11188,0
20081,0
4625,0
2036,0
20540,0
14405,0
13411,0
12630,0
3543,0
13561,0
18541,0
14994,0
16072,0
11464,0
10125,0
13146,0
4563,0
17510,0
11183,0
3600,0
9594,0
7214,0
18141,0
4559,0
8777,0
4696,0
1242,0
272,0
11018,0
10994,0
14424,0
4733,0
17029,0
4792,0
7483,0
4310,0
14637,0
4314,0
8061,0
17251,0
14258,0
1304,0
13301,0
13347,0
17205,0
6558,0
9815,0
13837,0
871,0
7930,0
16936,0
4838,0
4785,0
12561,0
7167,0
3075,0
10876,0
6654,0
16973,0
14689,0
819,0
20246,0
8084,0
7996,0
15112,0
16219,0
7177,0
21456,0
17175,0
5973,0
17281,0
21386,0
4726,0
2745,0
4907,0
13582,0
15300,0
14287,0
2647,0
18268,0
13245,0
6183,0
20443,0
292,0
11863,0
5822,0
4300,0
3057,0
1698,0
6443,0
17841,0
19757,0
2029,0
19991,0
6927,0
13968,0
10488,0
8866,0
12351,0
5071,0
17976,0
19127,0
8483,0
18383,0
12673,0
15344,0
2151,0
20518,0
4622,0
12235,0
10802,0
8338,0
2739,0
3435,0
9396,0
18876,0
10819,0
10958,0
994,0
13474,0
13520,0
7652,0
20923,0
7259,0
18549,0
5461,0
7572,0
12247,0
20514,0
18006,0
14650,0
15598,0
18154,0
239,0
14167,0
18480,0
15733,0
20082,0
435,0
17026,0
16841,0
20951,0
2278,0
16906,0
11564,0
16137,0
5322,0
14049,0
12651,0
7890,0
9300,0
7323,0
14078,0
9631,0
5421,0
12504,0
16140,0
7649,0
8497,0
12727,0
6995,0
17980,0
4711,0
11790,0
7552,0
16939,0
389,0
1565,0
20377,0
16157,0
3135,0
17286,0
943,0
20243,0
296,0
9861,0
12728,0
2894,0
15558,0
1186,0
6158,0
17938,0
11872,0
8920,0
9683,0
1393,0
18797,0
16935,0
6660,0
11025,0
18228,0
4846,0
16999,0
6863,0
4864,0
13100,0
9253,0
4281,0
1124,0
9114,0
17023,0
9252,0
662,0
15991,0
15411,0
14539,0
13185,0
8003,0
11336,0
15927,0
16204,0
4755,0
15740,0
3976,0
15526,0
14770,0
17963,0
20871,0
18243,0
10499,0
5543,0
3439,0
20016,0
8983,0
3579,0
1968,0
4383,0
20105,0
13707,0
9117,0
5499,0
21412,0
11302,0
1674,0
15050,0
20860,0
11520,0
8546,0
12399,0
5569,0
1432,0
17082,0
10743,0
5576,0
6483,0
13638,0
18372,0
1154,0
3809,0
205,0
21503,0
11096,0
3194,0
4664,0
4014,0
8937,0
9912,0
5736,0
16256,0
17362,0
6295,0
7461,0
16961,0
857,0
5094,0
7595,0
16320,0
2780,0
1684,0
9586,0
12783,0
15093,0
18411,0
7837,0
15970,0
15339,0
18018,0
9289,0
9737,0
4617,0
13282,0
8681,0
10761,0
2273,0
6155,0
2879,0
1390,0
567,0
10198,0
2610,0
15153,0
14902,0
13940,0
21277,0
6378,0
8987,0
1989,0
2476,0
5877,0
6670,0
6283,0
6540,0
10813,0
10545,0
4352,0
2814,0
3613,0
18399,0
16249,0
8119,0
1481,0
15198,0
8677,0
10373,0
11228,0
804,0
2957,0
8891,0
14740,0
9068,0
12199,0
21504,0
16941,0
16010,0
11576,0
1539,0
1852,0
7668,0
10176,0
21361,0
9994,0
2164,0
16086,0
109,0
10053,0
8066,0
14323,0
16402,0
19642,0
6154,0
8870,0
1891,0
17049,0
2556,0
17632,0
6544,0
14785,0
20783,0
15615,0
7822,0
7539,0
19402,0
4747,0
10475,0
5118,0
7260,0
9186,0
11143,0
13226,0
16741,0
13069,0
17702,0
7124,0
13637,0
17778,0
3406,0
18919,0
8451,0
7149,0
15121,0
2620,0
14667,0
14990,0
19766,0
9645,0
15073,0
8910,0
16163,0
13289,0
1360,0
10638,0
10077,0
21306,0
18432,0
20128,0
11206,0
17936,0
6491,0
18771,0
2265,0
1270,0
5260,0
9590,0
4290,0
14206,0
12944,0
13433,0
12244,0
1288,0
9374,0
2156,0
1453,0
9197,0
11449,0
10062,0
18174,0
13906,0
17080,0
13674,0
9628,0
18898,0
13588,0
4670,0
19451,0
12698,0
7664,0
6673,0
19929,0
1190,0
3308,0
3064,0
4765,0
16982,0
1589,0
19801,0
5506,0
19999,0
18725,0
706,0
12066,0
2877,0
9110,0
106,0
14227,0
18084,0
12303,0
6729,0
15082,0
10790,0
9310,0
21178,0
8534,0
3695,0
7100,0
13916,0
20453,0
21159,0
19814,0
9602,0
20842,0
19484,0
2301,0
5617,0
9286,0
10828,0
1921,0
20182,0
5902,0
15442,0
7024,0
1251,0
19716,0
15950,0
4172,0
11604,0
11052,0
1899,0
8227,0
12084,0
8213,0
6468,0
10616,0
19412,0
15313,0
10910,0
16600,0
14231,0
19720,0
13230,0
2729,0
1224,0
8862,0
6,0
13129,0
8462,0
6054,0
4879,0
11558,0
1978,0
8308,0
21010,0
8668,0
18216,0
11900,0
10734,0
1936,0
19195,0
10168,0
11585,0
19953,0
19144,0
13946,0
6741,0
13595,0
7187,0
14032,0
9490,0
4167,0
15037,0
321,0
6864,0
3983,0
3472,0
4930,0
2544,0
8416,0
9739,0
4355,0
692,0
15630,0
19823,0
13740,0
6901,0
11352,0
3368,0
17932,0
6238,0
15334,0
5930,0
19693,0
13504,0
21378,0
2275,0
14115,0
4530,0
616,0
2548,0
20620,0
3325,0
4365,0
20961,0
16267,0
856,0
12145,0
563,0
11440,0
12969,0
65,0
15542,0
16729,0
13388,0
17243,0
17308,0
18117,0
14063,0
5916,0
1092,0
5567,0
8552,0
21325,0
14393,0
17109,0
13259,0
13822,0
2238,0
9319,0
18949,0
255,0
7168,0
21532,0
17410,0
20304,0
5657,0
18542,0
1831,0
18726,0
19317,0
10354,0
17236,0
12182,0
1320,0
16063,0
4894,0
19332,0
8456,0
12201,0
10437,0
5335,0
17473,0
14459,0
2904,0
2552,0
19229,0
4139,0
15983,0
16587,0
17183,0
8211,0
13298,0
16669,0
9612,0
6279,0
20499,0
867,0
4467,0
17966,0
9770,0
14832,0
5185,0
15908,0
9914,0
9379,0
7243,0
8916,0
18656,0
20572,0
13685,0
20048,0
20533,0
6256,0
2219,0
20887,0
8971,0
287,0
20410,0
19148,0
18498,0
17316,0
14255,0
21569,0
3854,0
5313,0
18784,0
21471,0
6565,0
17756,0
14693,0
20681,0
20153,0
4398,0
10320,0
21570,0
8780,0
17233,0
5004,0
11761,0
8304,0
11932,0
7999,0
7198,0
1105,0
18677,0
870,0
8923,0
1366,0
11179,0
7207,0
19082,0
17895,0
5396,0
5033,0
15707,0
12777,0
9180,0
9698,0
22,0
14349,0
13868,0
21261,0
12109,0
1981,0
12712,0
7037,0
10355,0
4675,0
13048,0
14588,0
18511,0
16849,0
8224,0
12344,0
3191,0
20556,0
9705,0
20252,0
8172,0
771,0
18810,0
13992,0
3351,0
5463,0
16569,0
654,0
10153,0
15997,0
6525,0
9177,0
20837,0
6083,0
17552,0
11767,0
10753,0
11130,0
9171,0
966,0
6669,0
5417,0
16028,0
7121,0
6685,0
4485,0
20266,0
6207,0
5946,0
20164,0
19819,0
13315,0
19614,0
18311,0
19030,0
7877,0
19441,0
1150,0
21511,0
20613,0
8816,0
19918,0
5280,0
15994,0
19840,0
12392,0
7285,0
5721,0
2518,0
21195,0
7849,0
19411,0
3699,0
7476,0
15229,0
17457,0
10570,0
3880,0
6967,0
19786,0
9938,0
16101,0
20403,0
6957,0
11145,0
13229,0
1728,0
13453,0
6332,0
3339,0
15533,0
4641,0
3729,0
13700,0
9675,0
8136,0
2007,0
1416,0
16748,0
14235,0
17188,0
2088,0
10405,0
21129,0
3933,0
2097,0
14043,0
5055,0
20576,0
14923,0
18782,0
3158,0
713,0
8226,0
1699,0
793,0
14984,0
1339,0
20194,0
12932,0
8400,0
13611,0
19906,0
384,0
8819,0
12809,0
5476,0
3862,0
3519,0
10107,0
16045,0
19169,0
14416,0
4841,0
1191,0
18962,0
19034,0
6607,0
18743,0
19449,0
19547,0
13172,0
19409,0
10735,0
17196,0
2137,0
18224,0
5570,0
9942,0
14058,0
2320,0
19314,0
10589,0
16863,0
7240,0
2935,0
21346,0
7640,0
9474,0
5593,0
1506,0
6350,0
13687,0
6912,0
13523,0
20936,0
17532,0
13626,0
6495,0
18602,0
14582,0
14972,0
9165,0
8102,0
7344,0
5283,0
5276,0
17730,0
5918,0
3244,0
16800,0
4660,0
12484,0
5106,0
3690,0
18777,0
16566,0
16048,0
711,0
12686,0
6806,0
20585,0
8879,0
3278,0
13599,0
20202,0
19570,0
15336,0
8598,0
12069,0
7356,0
18100,0
8799,0
19755,0
18645,0
11550,0
5444,0
13340,0
21096,0
15791,0
21451,0
8767,0
21121,0
11888,0
17272,0
7353,0
15603,0
10804,0
3486,0
1281,0
14727,0
15564,0
13156,0
15036,0
10490,0
11755,0
12512,0
16693,0
18028,0
20125,0
3011,0
18071,0
13517,0
3128,0
7484,0
12234,0
8075,0
14490,0
10883,0
21463,0
10091,0
10789,0
12724,0
20590,0
18842,0
8646,0
4110,0
9431,0
1147,0
16500,0
19548,0
17320,0
14629,0
7234,0
6753,0
4079,0
20818,0
10300,0
6793,0
16296,0
20017,0
15259,0
3832,0
3214,0
13234,0
9014,0
14333,0
9185,0
3072,0
15279,0
6500,0
10568,0
13794,0
15085,0
13005,0
494,0
1183,0
11894,0
18637,0
11396,0
13385,0
2770,0
11065,0
21437,0
16994,0
1714,0
10356,0
19940,0
573,0
15768,0
3364,0
5259,0
12979,0
4516,0
11679,0
11669,0
466,0
20423,0
6985,0
8871,0
18169,0
18578,0
21044,0
12094,0
18474,0
7105,0
142,0
4698,0
4546,0
18803,0
5350,0
1521,0
2878,0
2795,0
7593,0
1548,0
11618,0
13741,0
15010,0
433,0
18214,0
20595,0
8120,0
2080,0
20722,0
12419,0
4779,0
6774,0
1685,0
15648,0
17741,0
7184,0
7370,0
385,0
10739,0
8069,0
135,0
7856,0
911,0
14278,0
14868,0
11222,0
20938,0
13275,0
2702,0
8580,0
15423,0
19798,0
2223,0
1941,0
19087,0
21244,0
17069,0
16314,0
1419,0
2588,0
13460,0
6712,0
15365,0
17889,0
13542,0
130,0
1970,0
12789,0
19604,0
17105,0
14888,0
4111,0
11996,0
5655,0
7855,0
5462,0
21470,0
8325,0
12015,0
828,0
1957,0
2027,0
612,0
2369,0
8290,0
16343,0
3746,0
12797,0
1806,0
2512,0
11329,0
2670,0
19815,0
18020,0
4117,0
1924,0
5291,0
14566,0
18105,0
8588,0
13729,0
17153,0
1302,0
3733,0
13995,0
12998,0
487,0
15577,0
16434,0
3623,0
13059,0
6356,0
1602,0
6353,0
119,0
959,0
17987,0
7238,0
5129,0
14312,0
16432,0
11579,0
948,0
3117,0
16396,0
15840,0
10090,0
14317,0
12613,0
20845,0
2217,0
8447,0
11389,0
8576,0
3810,0
2434,0
125,0
3337,0
6105,0
14192,0
20284,0
18514,0
5104,0
6458,0
10109,0
1060,0
8499,0
10653,0
19080,0
5804,0
3631,0
8900,0
6587,0
8233,0
5975,0
7889,0
11083,0
11544,0
19902,0
17009,0
13938,0
7440,0
20318,0
14814,0
3283,0
2460,0
12262,0
5377,0
14837,0
10596,0
13749,0
2465,0
6881,0
16942,0
11898,0
8797,0
21404,0
17801,0
20764,0
2285,0
13350,0
19376,0
3091,0
13276,0
2144,0
20586,0
20571,0
14500,0
10850,0
11597,0
2445,0
2061,0
4694,0
12620,0
8529,0
10784,0
20998,0
16361,0
16640,0
12538,0
18394,0
12598,0
9409,0
19345,0
13727,0
6139,0
14162,0
9328,0
4523,0
18778,0
7591,0
13724,0
8360,0
5661,0
12289,0
986,0
2543,0
1691,0
1933,0
8877,0
21101,0
15401,0
13918,0
5659,0
8589,0
20892,0
18579,0
4067,0
7299,0
17245,0
9935,0
21601,0
15438,0
10547,0
20010,0
11724,0
18983,0
13333,0
14742,0
5065,0
13884,0
1217,0
13000,0
6865,0
15678,0
14232,0
5860,0
7439,0
17275,0
15021,0
6909,0
13928,0
4476,0
2617,0
10060,0
13891,0
11573,0
12342,0
19881,0
19321,0
9828,0
4222,0
19950,0
9576,0
16893,0
14567,0
13811,0
5044,0
21438,0
20397,0
8528,0
18992,0
16817,0
2368,0
15270,0
5307,0
12848,0
10601,0
3676,0
20942,0
15319,0
10084,0
15199,0
6823,0
17079,0
10778,0
32,0
11264,0
2980,0
18712,0
11845,0
18052,0
16830,0
3361,0
14102,0
16845,0
19564,0
3354,0
18450,0
8091,0
13816,0
3284,0
16315,0
14755,0
15828,0
11875,0
13565,0
10205,0
10401,0
21342,0
1967,0
9577,0
3894,0
3946,0
5457,0
3608,0
16592,0
20136,0
20251,0
11163,0
4469,0
1541,0
6824,0
11745,0
7438,0
17910,0
1338,0
20340,0
863,0
4280,0
18429,0
2563,0
20648,0
14489,0
23,0
20265,0
15750,0
10681,0
6246,0
14828,0
878,0
4131,0
1462,0
854,0
16414,0
20078,0
12099,0
10752,0
19589,0
14423,0
14688,0
6555,0
3586,0
12626,0
9346,0
3261,0
9759,0
18241,0
11212,0
1177,0
3609,0
8659,0
6560,0
108,0
10450,0
10532,0
14248,0
20190,0
14666,0
15262,0
13752,0
222,0
21405,0
13479,0
11721,0
18300,0
9369,0
8170,0
21070,0
10829,0
21289,0
3871,0
28,0
6222,0
16749,0
13210,0
15225,0
20987,0
5287,0
3785,0
6505,0
11746,0
18735,0
5226,0
16486,0
17337,0
21593,0
17360,0
3449,0
3926,0
6141,0
12102,0
14387,0
6844,0
18328,0
3039,0
7598,0
7535,0
2332,0
4282,0
10087,0
14386,0
5988,0
14576,0
1897,0
17668,0
5166,0
5284,0
20391,0
2987,0
14794,0
15125,0
18491,0
12649,0
4960,0
8855,0
1280,0
9820,0
5865,0
17418,0
3903,0
5985,0
2785,0
10582,0
3520,0
10338,0
12325,0
18586,0
10158,0
20840,0
7655,0
20570,0
7239,0
12703,0
5878,0
12604,0
12829,0
15132,0
993,0
6407,0
6187,0
14184,0
345,0
412,0
13201,0
15281,0
15303,0
15079,0
2245,0
6672,0
17608,0
18239,0
4208,0
2771,0
5599,0
6885,0
12394,0
17782,0
21177,0
5647,0
15473,0
9210,0
14731,0
2051,0
6934,0
16110,0
17020,0
13546,0
3557,0
15302,0
7042,0
5818,0
1818,0
2635,0
8112,0
7670,0
20602,0
12875,0
20057,0
17915,0
16346,0
11901,0
3951,0
16909,0
9729,0
14247,0
764,0
10139,0
308,0
11300,0
4170,0
4492,0
5085,0
18368,0
15091,0
15761,0
14426,0
3259,0
8778,0
2226,0
20456,0
21245,0
18418,0
3981,0
16079,0
557,0
15053,0
14491,0
20552,0
16251,0
20331,0
14130,0
20700,0
6426,0
10584,0
2071,0
9365,0
19522,0
3821,0
16944,0
11955,0
11332,0
7949,0
8688,0
20597,0
17343,0
2934,0
7629,0
2960,0
12516,0
12841,0
8502,0
16005,0
16995,0
6189,0
12634,0
12835,0
17348,0
8307,0
12923,0
7013,0
20984,0
4421,0
8292,0
8236,0
18148,0
15859,0
7014,0
6399,0
175,0
8319,0
2109,0
18181,0
19826,0
10932,0
21357,0
4774,0
18426,0
18259,0
1204,0
20767,0
1160,0
18594,0
5977,0
13712,0
16325,0
20123,0
16716,0
18097,0
20550,0
636,0
9254,0
8158,0
21291,0
15145,0
4426,0
10277,0
11195,0
12257,0
14382,0
19364,0
1504,0
10535,0
4484,0
8846,0
1810,0
13158,0
5483,0
9047,0
18836,0
14270,0
1789,0
15475,0
5440,0
10068,0
17854,0
12751,0
7725,0
1315,0
1488,0
20839,0
225,0
2105,0
14906,0
13093,0
11223,0
15076,0
15429,0
20828,0
6354,0
8085,0
5519,0
6892,0
6313,0
3394,0
16877,0
13127,0
17697,0
10700,0
7067,0
3372,0
18374,0
12487,0
21224,0
8634,0
13985,0
6181,0
2356,0
6740,0
9924,0
10619,0
6211,0
13368,0
1851,0
9689,0
18936,0
4166,0
3118,0
8250,0
1822,0
6369,0
10706,0
17311,0
5670,0
2050,0
10054,0
17845,0
12775,0
15461,0
1047,0
3249,0
3783,0
18807,0
3603,0
6614,0
15692,0
13290,0
11793,0
8373,0
16103,0
13823,0
18707,0
967,0
19282,0
7917,0
5534,0
4575,0
18654,0
13578,0
16455,0
6746,0
1546,0
12682,0
14492,0
5863,0
17356,0
16707,0
1005,0
7580,0
18275,0
16507,0
3860,0
9835,0
6245,0
10922,0
20367,0
7686,0
21102,0
12031,0
12218,0
15501,0
19935,0
18518,0
2577,0
5489,0
5264,0
4464,0
6077,0
18625,0
19076,0
14070,0
17177,0
11897,0
19773,0
5473,0
697,0
17837,0
9937,0
18548,0
3694,0
12274,0
1533,0
14719,0
18999,0
15772,0
8431,0
5997,0
3913,0
16339,0
14083,0
10988,0
12431,0
18415,0
211,0
10382,0
11593,0
4788,0
16503,0
13219,0
3216,0
20142,0
19535,0
7692,0
21517,0
12493,0
16680,0
11852,0
16561,0
10847,0
6790,0
14196,0
16986,0
19174,0
5760,0
18783,0
14071,0
3344,0
7252,0
20905,0
19673,0
12284,0
7003,0
15372,0
10573,0
761,0
16826,0
8372,0
17469,0
7081,0
19041,0
8240,0
8231,0
18663,0
4913,0
20532,0
11431,0
3835,0
14203,0
10848,0
1377,0
13432,0
7736,0
10591,0
1623,0
12104,0
10520,0
18865,0
7062,0
4151,0
408,0
20362,0
562,0
16788,0
3268,0
9749,0
21181,0
19885,0
11533,0
1292,0
5109,0
17769,0
19598,0
20777,0
14398,0
9043,0
84,0
11369,0
1804,0
2017,0
9788,0
18115,0
19027,0
5998,0
5213,0
8481,0
6424,0
12075,0
15239,0
1260,0
8616,0
10353,0
2674,0
7829,0
14850,0
21582,0
17764,0
10303,0
13562,0
12134,0
203,0
14615,0
1783,0
6682,0
11089,0
17813,0
15810,0
20610,0
7051,0
3018,0
18012,0
20967,0
16222,0
13907,0
3670,0
18751,0
12961,0
1600,0
20626,0
9902,0
13571,0
2014,0
18504,0
19698,0
4253,0
6005,0
20104,0
7020,0
2104,0
1080,0
6069,0
4348,0
9757,0
9841,0
7134,0
15060,0
19069,0
5132,0
16769,0
3193,0
12696,0
1893,0
9671,0
12892,0
12956,0
17653,0
15595,0
5682,0
18387,0
7251,0
20795,0
11253,0
17138,0
17906,0
20378,0
14090,0
17302,0
6411,0
16057,0
9676,0
19077,0
20259,0
6337,0
8032,0
7860,0
17829,0
12718,0
838,0
19199,0
9982,0
14008,0
6921,0
16217,0
14817,0
13293,0
7338,0
12571,0
8168,0
8551,0
7609,0
4184,0
1536,0
10033,0
5229,0
20671,0
18529,0
8718,0
10628,0
929,0
2266,0
19011,0
4473,0
21340,0
17685,0
14729,0
13813,0
13131,0
6194,0
19459,0
10313,0
525,0
3007,0
703,0
10834,0
20833,0
4994,0
13862,0
6085,0
21500,0
13115,0
15506,0
12767,0
8063,0
19140,0
18739,0
10792,0
16931,0
10497,0
6037,0
18970,0
17431,0
4895,0
20760,0
21255,0
9515,0
6646,0
1785,0
10698,0
11226,0
19271,0
13356,0
1537,0
5177,0
8355,0
619,0
6251,0
21232,0
13977,0
11153,0
19931,0
9974,0
4665,0
3674,0
7770,0
18005,0
14974,0
19047,0
2921,0
19851,0
12434,0
7432,0
1842,0
15711,0
2196,0
19980,0
9763,0
11048,0
14094,0
13937,0
14413,0
17921,0
556,0
5709,0
5418,0
19114,0
6915,0
20124,0
38,0
5800,0
12862,0
14855,0
8550,0
15613,0
3858,0
15588,0
10620,0
9270,0
8746,0
3000,0
9216,0
4209,0
2712,0
21429,0
7280,0
13274,0
16263,0
11066,0
9219,0
5910,0
11126,0
13801,0
3169,0
14414,0
6412,0
11946,0
15351,0
18839,0
7039,0
18825,0
13989,0
14670,0
20510,0
12330,0
3366,0
10182,0
4344,0
5149,0
4230,0
11725,0
15529,0
3245,0
17479,0
876,0
13848,0
1961,0
877,0
17345,0
1299,0
15027,0
1547,0
12086,0
16476,0
7313,0
2976,0
1163,0
550,0
13400,0
21078,0
6955,0
10730,0
13470,0
5238,0
16595,0
19039,0
10344,0
6107,0
19358,0
19768,0
20848,0
12508,0
18338,0
15297,0
5096,0
1727,0
5769,0
390,0
3355,0
8402,0
5409,0
5098,0
7088,0
10170,0
6631,0
13815,0
3499,0
20686,0
4244,0
2655,0
8205,0
15432,0
5690,0
21218,0
21442,0
20705,0
16760,0
2605,0
13081,0
4501,0
17413,0
17263,0
18715,0
2863,0
6992,0
11637,0
14404,0
8051,0
19675,0
20666,0
18500,0
10430,0
20711,0
20224,0
20311,0
9368,0
10080,0
11202,0
20914,0
20664,0
2395,0
5492,0
12357,0
18331,0
6926,0
3105,0
9468,0
3239,0
13690,0
13840,0
6490,0
20826,0
15295,0
15099,0
5551,0
21531,0
8958,0
307,0
7485,0
15008,0
4294,0
13320,0
3928,0
18234,0
17977,0
3516,0
6855,0
1409,0
900,0
3438,0
3248,0
21316,0
9187,0
5824,0
10477,0
12373,0
575,0
2937,0
16618,0
12336,0
2851,0
788,0
15122,0
236,0
14900,0
5338,0
8016,0
6900,0
13548,0
10832,0
15545,0
8423,0
19139,0
15263,0
10145,0
13781,0
13709,0
6556,0
3415,0
13732,0
10649,0
19513,0
242,0
20276,0
16564,0
16911,0
17386,0
742,0
6479,0
14128,0
4145,0
16147,0
13431,0
10132,0
21591,0
3938,0
5304,0
8536,0
12138,0
4510,0
4339,0
19072,0
1809,0
13190,0
19123,0
2227,0
19059,0
15763,0
15017,0
17783,0
1755,0
17259,0
10133,0
342,0
16929,0
10157,0
7424,0
4135,0
7747,0
1011,0
5696,0
7479,0
18965,0
19571,0
14762,0
9842,0
10866,0
115,0
14133,0
4648,0
19858,0
5395,0
9742,0
19355,0
12011,0
3922,0
7958,0
10903,0
15521,0
14366,0
8962,0
2122,0
8829,0
628,0
8881,0
7504,0
15936,0
16635,0
1610,0
17333,0
1291,0
6127,0
4691,0
10757,0
4235,0
1381,0
13597,0
9648,0
18627,0
9553,0
14200,0
